data/leaf_n10_experiment1/leaf_n10_reticulation_r3/10_0.15_209_binary_adj.csv,TCO_CB,0.031728326342999935,True
data/leaf_n10_experiment1/leaf_n10_reticulation_r3/10_0.15_210_binary_adj.csv,PR_BF,0.14209438860416412,True
data/leaf_n10_experiment1/leaf_n10_reticulation_r3/10_0.15_210_binary_adj.csv,PR_FPT,0.04856491181999445,True
data/leaf_n10_experiment1/leaf_n10_reticulation_r3/10_0.15_209_binary_adj.csv,TCO_H,0.008336162194609642,True
data/leaf_n10_experiment1/leaf_n10_reticulation_r3/10_0.15_210_binary_adj.csv,PR_FPT_CB_CHOOSE,0.038874280638992786,True
data/leaf_n10_experiment1/leaf_n10_reticulation_r3/10_0.15_209_binary_adj.csv,TCO_BF,0.2116877529770136,True
data/leaf_n10_experiment1/leaf_n10_reticulation_r3/10_0.15_210_binary_adj.csv,TCO_H,0.01932052057236433,True
data/leaf_n10_experiment1/leaf_n10_reticulation_r3/10_0.15_210_binary_adj.csv,TCO_CB,0.00967902410775423,True
data/leaf_n10_experiment1/leaf_n10_reticulation_r3/10_0.15_210_binary_adj.csv,TCO_BF,7.319227657280862,True
data/leaf_n10_experiment1/leaf_n10_reticulation_r3/10_0.15_210_binary_adj.csv,PR_FPT_CB_COMB,0.0400305911898613,True
data/leaf_n10_experiment1/leaf_n10_reticulation_r3/10_0.15_210_binary_adj.csv,PR_FPT_CB_PROD,0.030869043432176113,True
data/leaf_n10_experiment1/leaf_n10_reticulation_r3/10_0.15_209_binary_adj.csv,PR_FPT_CB_COMB,0.009229941293597221,True
data/leaf_n10_experiment1/leaf_n10_reticulation_r3/10_0.15_209_binary_adj.csv,PR_FPT_CB_PROD,0.009414270520210266,True
data/leaf_n10_experiment1/leaf_n10_reticulation_r3/10_0.15_206_binary_adj.csv,PR_BF,0.582484838552773,True
data/leaf_n10_experiment1/leaf_n10_reticulation_r3/10_0.15_209_binary_adj.csv,PR_FPT_CB_CHOOSE,0.008091257885098457,True
data/leaf_n10_experiment1/leaf_n10_reticulation_r3/10_0.15_209_binary_adj.csv,PR_FPT,0.0058981869369745255,True
data/leaf_n10_experiment1/leaf_n10_reticulation_r3/10_0.15_209_binary_adj.csv,PR_BF,0.03767052898183465,True
data/leaf_n10_experiment1/leaf_n10_reticulation_r3/10_0.15_208_binary_adj.csv,TCO_CB,0.22393240500241518,True
data/leaf_n10_experiment1/leaf_n10_reticulation_r3/10_0.15_208_binary_adj.csv,TCO_BF,14.233498197048903,True
data/leaf_n10_experiment1/leaf_n10_reticulation_r3/10_0.15_208_binary_adj.csv,TCO_H,0.012642553076148033,True
data/leaf_n10_experiment1/leaf_n10_reticulation_r3/10_0.15_208_binary_adj.csv,PR_FPT_CB_COMB,0.048313889652490616,True
data/leaf_n10_experiment1/leaf_n10_reticulation_r3/10_0.15_208_binary_adj.csv,PR_FPT_CB_PROD,0.023339291103184223,True
data/leaf_n10_experiment1/leaf_n10_reticulation_r3/10_0.15_206_binary_adj.csv,PR_FPT,0.04818191006779671,True
data/leaf_n10_experiment1/leaf_n10_reticulation_r3/10_0.15_206_binary_adj.csv,PR_FPT_CB_CHOOSE,0.050689869560301304,True
data/leaf_n10_experiment1/leaf_n10_reticulation_r3/10_0.15_206_binary_adj.csv,PR_FPT_CB_PROD,0.07105491030961275,True
data/leaf_n10_experiment1/leaf_n10_reticulation_r3/10_0.15_206_binary_adj.csv,PR_FPT_CB_COMB,0.04394255764782429,True
data/leaf_n10_experiment1/leaf_n10_reticulation_r3/10_0.15_206_binary_adj.csv,TCO_H,0.01612273696810007,True
data/leaf_n10_experiment1/leaf_n10_reticulation_r3/10_0.15_206_binary_adj.csv,TCO_BF,17.526147197000682,True
data/leaf_n10_experiment1/leaf_n10_reticulation_r3/10_0.15_206_binary_adj.csv,TCO_CB,0.32255336083471775,True
data/leaf_n10_experiment1/leaf_n10_reticulation_r3/10_0.15_207_binary_adj.csv,PR_BF,0.40270510083064437,True
data/leaf_n10_experiment1/leaf_n10_reticulation_r3/10_0.15_207_binary_adj.csv,PR_FPT,0.05905234068632126,True
data/leaf_n10_experiment1/leaf_n10_reticulation_r3/10_0.15_208_binary_adj.csv,PR_FPT_CB_CHOOSE,0.03960452787578106,True
data/leaf_n10_experiment1/leaf_n10_reticulation_r3/10_0.15_208_binary_adj.csv,PR_FPT,0.04273531958460808,True
data/leaf_n10_experiment1/leaf_n10_reticulation_r3/10_0.15_207_binary_adj.csv,PR_FPT_CB_CHOOSE,0.05469353310763836,True
data/leaf_n10_experiment1/leaf_n10_reticulation_r3/10_0.15_207_binary_adj.csv,PR_FPT_CB_PROD,0.027229707688093185,True
data/leaf_n10_experiment1/leaf_n10_reticulation_r3/10_0.15_207_binary_adj.csv,PR_FPT_CB_COMB,0.05973317939788103,True
data/leaf_n10_experiment1/leaf_n10_reticulation_r3/10_0.15_207_binary_adj.csv,TCO_H,0.018644442781805992,True
data/leaf_n10_experiment1/leaf_n10_reticulation_r3/10_0.15_207_binary_adj.csv,TCO_CB,0.07020626403391361,True
data/leaf_n10_experiment1/leaf_n10_reticulation_r3/10_0.15_208_binary_adj.csv,PR_BF,0.3384778155013919,True
data/leaf_n10_experiment1/leaf_n10_reticulation_r3/10_0.15_207_binary_adj.csv,TCO_BF,14.215167994610965,True
data/leaf_n10_experiment1/leaf_n10_reticulation_r5/10_0.15_217_binary_adj.csv,PR_FPT_CB_PROD,3.5607652198523283,True
data/leaf_n10_experiment1/leaf_n10_reticulation_r5/10_0.15_217_binary_adj.csv,PR_FPT_CB_COMB,3.018787872977555,True
data/leaf_n10_experiment1/leaf_n10_reticulation_r5/10_0.15_217_binary_adj.csv,TCO_H,0.2563876658678055,True
data/leaf_n10_experiment1/leaf_n10_reticulation_r5/10_0.15_217_binary_adj.csv,PR_FPT,4.417226905934513,True
data/leaf_n10_experiment1/leaf_n10_reticulation_r5/10_0.15_217_binary_adj.csv,PR_FPT_CB_CHOOSE,2.539233102463186,True
data/leaf_n10_experiment1/leaf_n10_reticulation_r5/10_0.15_218_binary_adj.csv,PR_FPT,3.5489282002672553,True
data/leaf_n10_experiment1/leaf_n10_reticulation_r5/10_0.15_218_binary_adj.csv,PR_FPT_CB_CHOOSE,2.3338295202702284,True
data/leaf_n10_experiment1/leaf_n10_reticulation_r5/10_0.15_218_binary_adj.csv,PR_FPT_CB_PROD,3.4819732857868075,True
data/leaf_n10_experiment1/leaf_n10_reticulation_r5/10_0.15_218_binary_adj.csv,PR_BF,15.914351740851998,True
data/leaf_n10_experiment1/leaf_n10_reticulation_r5/10_0.15_218_binary_adj.csv,PR_FPT_CB_COMB,2.9586239233613014,True
data/leaf_n10_experiment1/leaf_n10_reticulation_r5/10_0.15_218_binary_adj.csv,TCO_H,0.23381559643894434,True
data/leaf_n10_experiment1/leaf_n10_reticulation_r5/10_0.15_218_binary_adj.csv,TCO_CB,0.788149319589138,True
data/leaf_n10_experiment1/leaf_n10_reticulation_r5/10_0.15_217_binary_adj.csv,TCO_CB,10.783611128106713,True
data/leaf_n10_experiment1/leaf_n10_reticulation_r5/10_0.15_217_binary_adj.csv,PR_BF,15.774129135534167,True
data/leaf_n10_experiment1/leaf_n10_reticulation_r5/10_0.15_216_binary_adj.csv,TCO_CB,6.666212487965822,True
data/leaf_n10_experiment1/leaf_n10_reticulation_r5/10_0.15_217_binary_adj.csv,TCO_BF,610.0699007418007,True
data/leaf_n10_experiment1/leaf_n10_reticulation_r5/10_0.15_218_binary_adj.csv,TCO_BF,441.80528774950653,True
data/leaf_n10_experiment1/leaf_n10_reticulation_r5/10_0.15_219_binary_adj.csv,PR_BF,16.34027874097228,True
data/leaf_n10_experiment1/leaf_n10_reticulation_r5/10_0.15_219_binary_adj.csv,PR_FPT,2.215893365442753,True
data/leaf_n10_experiment1/leaf_n10_reticulation_r5/10_0.15_219_binary_adj.csv,PR_FPT_CB_CHOOSE,1.6879089809954166,True
data/leaf_n10_experiment1/leaf_n10_reticulation_r5/10_0.15_219_binary_adj.csv,PR_FPT_CB_PROD,1.7189178569242358,True
data/leaf_n10_experiment1/leaf_n10_reticulation_r5/10_0.15_216_binary_adj.csv,TCO_H,0.38874799851328135,False
data/leaf_n10_experiment1/leaf_n10_reticulation_r5/10_0.15_219_binary_adj.csv,PR_FPT_CB_COMB,1.5794275542721152,True
data/leaf_n10_experiment1/leaf_n10_reticulation_r5/10_0.15_216_binary_adj.csv,PR_FPT_CB_COMB,3.9733282080851495,True
data/leaf_n10_experiment1/leaf_n10_reticulation_r5/10_0.15_219_binary_adj.csv,TCO_H,0.18830509204417467,False
data/leaf_n10_experiment1/leaf_n10_reticulation_r5/10_0.15_216_binary_adj.csv,PR_FPT_CB_PROD,2.4389567831531167,True
data/leaf_n10_experiment1/leaf_n10_reticulation_r5/10_0.15_216_binary_adj.csv,TCO_BF,166.20491023827344,True
data/leaf_n10_experiment1/leaf_n10_reticulation_r5/10_0.15_216_binary_adj.csv,PR_FPT_CB_CHOOSE,3.6193491462618113,True
data/leaf_n10_experiment1/leaf_n10_reticulation_r5/10_0.15_219_binary_adj.csv,TCO_CB,7.413881331682205,True
data/leaf_n10_experiment1/leaf_n10_reticulation_r5/10_0.15_216_binary_adj.csv,PR_FPT,5.625839932821691,True
data/leaf_n10_experiment1/leaf_n10_reticulation_r5/10_0.15_220_binary_adj.csv,PR_BF,14.549369890242815,True
data/leaf_n10_experiment1/leaf_n10_reticulation_r5/10_0.15_216_binary_adj.csv,PR_BF,8.408419146202505,True
data/leaf_n10_experiment1/leaf_n10_reticulation_r5/10_0.15_219_binary_adj.csv,TCO_BF,786.980087113101,True
data/leaf_n10_experiment1/leaf_n10_reticulation_r5/10_0.15_220_binary_adj.csv,PR_FPT,2.429976392071694,True
data/leaf_n10_experiment1/leaf_n10_reticulation_r5/10_0.15_220_binary_adj.csv,PR_FPT_CB_CHOOSE,1.6956551913172007,True
data/leaf_n10_experiment1/leaf_n10_reticulation_r5/10_0.15_220_binary_adj.csv,PR_FPT_CB_PROD,2.077845197170973,True
data/leaf_n10_experiment1/leaf_n10_reticulation_r5/10_0.15_220_binary_adj.csv,PR_FPT_CB_COMB,1.7129647266119719,True
data/leaf_n10_experiment1/leaf_n10_reticulation_r5/10_0.15_220_binary_adj.csv,TCO_H,0.2541208518669009,True
data/leaf_n10_experiment1/leaf_n10_reticulation_r5/10_0.15_220_binary_adj.csv,TCO_CB,13.067084783688188,True
data/leaf_n10_experiment1/leaf_n10_reticulation_r5/10_0.15_220_binary_adj.csv,TCO_BF,204.81271908339113,True
data/leaf_n10_experiment1/leaf_n10_reticulation_r2/10_0.15_203_binary_adj.csv,PR_FPT,0.007192105986177921,True
data/leaf_n10_experiment1/leaf_n10_reticulation_r2/10_0.15_203_binary_adj.csv,PR_FPT_CB_CHOOSE,0.009972813539206982,True
data/leaf_n10_experiment1/leaf_n10_reticulation_r2/10_0.15_203_binary_adj.csv,PR_FPT_CB_PROD,0.009863964281976223,True
data/leaf_n10_experiment1/leaf_n10_reticulation_r2/10_0.15_203_binary_adj.csv,TCO_BF,1.226233210414648,True
data/leaf_n10_experiment1/leaf_n10_reticulation_r2/10_0.15_203_binary_adj.csv,TCO_CB,0.007787908427417278,True
data/leaf_n10_experiment1/leaf_n10_reticulation_r2/10_0.15_203_binary_adj.csv,TCO_H,0.01106059830635786,True
data/leaf_n10_experiment1/leaf_n10_reticulation_r2/10_0.15_203_binary_adj.csv,PR_FPT_CB_COMB,0.011538916267454624,True
data/leaf_n10_experiment1/leaf_n10_reticulation_r2/10_0.15_203_binary_adj.csv,PR_BF,0.06268391106277704,True
data/leaf_n10_experiment1/leaf_n10_reticulation_r2/10_0.15_202_binary_adj.csv,TCO_CB,0.009422361850738525,True
data/leaf_n10_experiment1/leaf_n10_reticulation_r2/10_0.15_202_binary_adj.csv,TCO_BF,0.056521717458963394,True
data/leaf_n10_experiment1/leaf_n10_reticulation_r2/10_0.15_202_binary_adj.csv,TCO_H,0.0064447056502103806,True
data/leaf_n10_experiment1/leaf_n10_reticulation_r2/10_0.15_202_binary_adj.csv,PR_FPT_CB_COMB,0.006061233580112457,True
data/leaf_n10_experiment1/leaf_n10_reticulation_r2/10_0.15_202_binary_adj.csv,PR_FPT_CB_PROD,0.006768536753952503,True
data/leaf_n10_experiment1/leaf_n10_reticulation_r2/10_0.15_202_binary_adj.csv,PR_FPT_CB_CHOOSE,0.007440195418894291,True
data/leaf_n10_experiment1/leaf_n10_reticulation_r2/10_0.15_202_binary_adj.csv,PR_FPT,0.003847600892186165,True
data/leaf_n10_experiment1/leaf_n10_reticulation_r2/10_0.15_202_binary_adj.csv,PR_BF,0.008923166897147894,True
data/leaf_n10_experiment1/leaf_n10_reticulation_r2/10_0.15_201_binary_adj.csv,TCO_CB,0.007252928800880909,True
data/leaf_n10_experiment1/leaf_n10_reticulation_r2/10_0.15_204_binary_adj.csv,PR_BF,0.006606279872357845,True
data/leaf_n10_experiment1/leaf_n10_reticulation_r2/10_0.15_205_binary_adj.csv,TCO_CB,0.04663336183875799,True
data/leaf_n10_experiment1/leaf_n10_reticulation_r2/10_0.15_204_binary_adj.csv,PR_FPT,0.004155371338129044,True
data/leaf_n10_experiment1/leaf_n10_reticulation_r2/10_0.15_204_binary_adj.csv,PR_FPT_CB_CHOOSE,0.007567482069134712,True
data/leaf_n10_experiment1/leaf_n10_reticulation_r2/10_0.15_201_binary_adj.csv,TCO_BF,0.9492596220225096,True
data/leaf_n10_experiment1/leaf_n10_reticulation_r2/10_0.15_204_binary_adj.csv,PR_FPT_CB_PROD,0.0070296283811330795,True
data/leaf_n10_experiment1/leaf_n10_reticulation_r2/10_0.15_201_binary_adj.csv,TCO_H,0.005545007064938545,True
data/leaf_n10_experiment1/leaf_n10_reticulation_r2/10_0.15_204_binary_adj.csv,PR_FPT_CB_COMB,0.007534930482506752,True
data/leaf_n10_experiment1/leaf_n10_reticulation_r2/10_0.15_201_binary_adj.csv,PR_FPT_CB_COMB,0.010232559870928526,True
data/leaf_n10_experiment1/leaf_n10_reticulation_r2/10_0.15_204_binary_adj.csv,TCO_H,0.007620509713888168,True
data/leaf_n10_experiment1/leaf_n10_reticulation_r2/10_0.15_201_binary_adj.csv,PR_FPT_CB_PROD,0.009825246874243021,True
data/leaf_n10_experiment1/leaf_n10_reticulation_r2/10_0.15_204_binary_adj.csv,TCO_BF,0.02872610604390502,True
data/leaf_n10_experiment1/leaf_n10_reticulation_r2/10_0.15_201_binary_adj.csv,PR_FPT_CB_CHOOSE,0.008616187609732151,True
data/leaf_n10_experiment1/leaf_n10_reticulation_r2/10_0.15_204_binary_adj.csv,TCO_CB,0.00548133347183466,True
data/leaf_n10_experiment1/leaf_n10_reticulation_r2/10_0.15_201_binary_adj.csv,PR_FPT,0.006983334198594093,True
data/leaf_n10_experiment1/leaf_n10_reticulation_r2/10_0.15_205_binary_adj.csv,PR_BF,0.004903892986476421,True
data/leaf_n10_experiment1/leaf_n10_reticulation_r2/10_0.15_205_binary_adj.csv,TCO_BF,0.0011904891580343246,True
data/leaf_n10_experiment1/leaf_n10_reticulation_r2/10_0.15_201_binary_adj.csv,PR_BF,0.044206734746694565,True
data/leaf_n10_experiment1/leaf_n10_reticulation_r2/10_0.15_205_binary_adj.csv,TCO_H,0.0066313836723566055,True
data/leaf_n10_experiment1/leaf_n10_reticulation_r2/10_0.15_205_binary_adj.csv,PR_FPT,0.007127242162823677,True
data/leaf_n10_experiment1/leaf_n10_reticulation_r2/10_0.15_205_binary_adj.csv,PR_FPT_CB_PROD,0.012627243995666504,True
data/leaf_n10_experiment1/leaf_n10_reticulation_r2/10_0.15_205_binary_adj.csv,PR_FPT_CB_CHOOSE,0.011191180907189846,True
data/leaf_n10_experiment1/leaf_n10_reticulation_r2/10_0.15_205_binary_adj.csv,PR_FPT_CB_COMB,0.010433120653033257,True
data/leaf_n10_experiment1/leaf_n10_reticulation_r4/10_0.15_211_binary_adj.csv,PR_BF,1.1215264019556344,True
data/leaf_n10_experiment1/leaf_n10_reticulation_r4/10_0.15_211_binary_adj.csv,PR_FPT,0.30729707097634673,True
data/leaf_n10_experiment1/leaf_n10_reticulation_r4/10_0.15_211_binary_adj.csv,PR_FPT_CB_CHOOSE,0.1622376525774598,True
data/leaf_n10_experiment1/leaf_n10_reticulation_r4/10_0.15_211_binary_adj.csv,PR_FPT_CB_PROD,0.16972855618223548,True
data/leaf_n10_experiment1/leaf_n10_reticulation_r4/10_0.15_212_binary_adj.csv,TCO_CB,0.011837173253297806,True
data/leaf_n10_experiment1/leaf_n10_reticulation_r4/10_0.15_211_binary_adj.csv,PR_FPT_CB_COMB,0.30178870540112257,True
data/leaf_n10_experiment1/leaf_n10_reticulation_r4/10_0.15_212_binary_adj.csv,TCO_BF,7.442688702605665,True
data/leaf_n10_experiment1/leaf_n10_reticulation_r4/10_0.15_211_binary_adj.csv,TCO_H,0.04808004945516586,True
data/leaf_n10_experiment1/leaf_n10_reticulation_r4/10_0.15_215_binary_adj.csv,TCO_CB,0.330420951358974,True
data/leaf_n10_experiment1/leaf_n10_reticulation_r4/10_0.15_211_binary_adj.csv,TCO_CB,0.09271623380482197,True
data/leaf_n10_experiment1/leaf_n10_reticulation_r4/10_0.15_211_binary_adj.csv,TCO_BF,75.37968805525452,True
data/leaf_n10_experiment1/leaf_n10_reticulation_r4/10_0.15_212_binary_adj.csv,PR_BF,0.3959227614104748,True
data/leaf_n10_experiment1/leaf_n10_reticulation_r4/10_0.15_212_binary_adj.csv,PR_FPT,0.43672025483101606,True
data/leaf_n10_experiment1/leaf_n10_reticulation_r4/10_0.15_212_binary_adj.csv,PR_FPT_CB_CHOOSE,0.27819185610860586,True
data/leaf_n10_experiment1/leaf_n10_reticulation_r4/10_0.15_212_binary_adj.csv,PR_FPT_CB_PROD,0.25201224628835917,True
data/leaf_n10_experiment1/leaf_n10_reticulation_r4/10_0.15_212_binary_adj.csv,PR_FPT_CB_COMB,0.4154240880161524,True
data/leaf_n10_experiment1/leaf_n10_reticulation_r4/10_0.15_213_binary_adj.csv,PR_FPT_CB_CHOOSE,0.2593379318714142,True
data/leaf_n10_experiment1/leaf_n10_reticulation_r4/10_0.15_215_binary_adj.csv,PR_FPT_CB_PROD,0.1868690475821495,True
data/leaf_n10_experiment1/leaf_n10_reticulation_r4/10_0.15_212_binary_adj.csv,TCO_H,0.03882336476817727,True
data/leaf_n10_experiment1/leaf_n10_reticulation_r4/10_0.15_213_binary_adj.csv,PR_BF,1.8713952638208866,True
data/leaf_n10_experiment1/leaf_n10_reticulation_r4/10_0.15_215_binary_adj.csv,PR_FPT_CB_COMB,0.2707427963614464,True
data/leaf_n10_experiment1/leaf_n10_reticulation_r4/10_0.15_213_binary_adj.csv,PR_FPT_CB_PROD,0.18217537458986044,True
data/leaf_n10_experiment1/leaf_n10_reticulation_r4/10_0.15_213_binary_adj.csv,PR_FPT,0.26999213453382254,True
data/leaf_n10_experiment1/leaf_n10_reticulation_r4/10_0.15_213_binary_adj.csv,PR_FPT_CB_COMB,0.2714206036180258,True
data/leaf_n10_experiment1/leaf_n10_reticulation_r4/10_0.15_215_binary_adj.csv,TCO_H,0.036167362704873085,True
data/leaf_n10_experiment1/leaf_n10_reticulation_r4/10_0.15_215_binary_adj.csv,TCO_BF,28.81615325435996,True
data/leaf_n10_experiment1/leaf_n10_reticulation_r4/10_0.15_214_binary_adj.csv,TCO_CB,0.028677967377007008,True
data/leaf_n10_experiment1/leaf_n10_reticulation_r4/10_0.15_215_binary_adj.csv,PR_BF,2.764054112136364,True
data/leaf_n10_experiment1/leaf_n10_reticulation_r4/10_0.15_215_binary_adj.csv,PR_FPT,0.3843549620360136,True
data/leaf_n10_experiment1/leaf_n10_reticulation_r4/10_0.15_213_binary_adj.csv,TCO_BF,25.702632075175643,True
data/leaf_n10_experiment1/leaf_n10_reticulation_r4/10_0.15_214_binary_adj.csv,TCO_H,0.0403745723888278,True
data/leaf_n10_experiment1/leaf_n10_reticulation_r4/10_0.15_213_binary_adj.csv,TCO_CB,0.7186347423121333,True
data/leaf_n10_experiment1/leaf_n10_reticulation_r4/10_0.15_214_binary_adj.csv,PR_FPT_CB_COMB,0.4346432136371732,True
data/leaf_n10_experiment1/leaf_n10_reticulation_r4/10_0.15_215_binary_adj.csv,PR_FPT_CB_CHOOSE,0.2993889581412077,True
data/leaf_n10_experiment1/leaf_n10_reticulation_r4/10_0.15_214_binary_adj.csv,PR_FPT,0.49075061921030283,True
data/leaf_n10_experiment1/leaf_n10_reticulation_r4/10_0.15_214_binary_adj.csv,PR_FPT_CB_CHOOSE,0.2470216932706535,True
data/leaf_n10_experiment1/leaf_n10_reticulation_r4/10_0.15_214_binary_adj.csv,TCO_BF,9.28477335255593,True
data/leaf_n10_experiment1/leaf_n10_reticulation_r4/10_0.15_213_binary_adj.csv,TCO_H,0.030400842428207397,True
data/leaf_n10_experiment1/leaf_n10_reticulation_r4/10_0.15_214_binary_adj.csv,PR_BF,1.5164062017574906,True
data/leaf_n10_experiment1/leaf_n10_reticulation_r4/10_0.15_214_binary_adj.csv,PR_FPT_CB_PROD,0.23185354750603437,True
